timeStamp,elapsed,label,responseCode,responseMessage,threadName,dataType,success,failureMessage,bytes,sentBytes,grpThreads,allThreads,URL,Latency,IdleTime,Connect
1708685128337,185,GET Users,200,OK,Workload Config 1-1,text,true,,1179,122,1,1,https://reqres.in/api/users/2,185,0,141
1708685128525,171,POST Users,200,OK,Workload Config 1-1,text,true,,2229,398,1,1,https://reqres.in/api/user,120,0,32
1708685128525,120,POST Users-0,301,Moved Permanently,Workload Config 1-1,,true,,610,255,1,1,http://reqres.in/api/user,120,0,32
1708685128645,51,POST Users-1,200,OK,Workload Config 1-1,text,true,,1619,143,1,1,https://reqres.in/api/user,42,0,0
1708685128834,134,GET Users,200,OK,Workload Config 1-2,text,true,,1186,122,1,1,https://reqres.in/api/users/2,134,0,83
1708685129334,142,GET Users,200,OK,Workload Config 1-3,text,true,,1190,122,2,2,https://reqres.in/api/users/2,142,0,102
1708685128969,552,POST Users,200,OK,Workload Config 1-2,text,true,,2216,398,2,2,https://reqres.in/api/user,79,0,44
1708685128969,79,POST Users-0,301,Moved Permanently,Workload Config 1-2,,true,,608,255,2,2,http://reqres.in/api/user,79,0,44
1708685129049,472,POST Users-1,200,OK,Workload Config 1-2,text,true,,1608,143,2,2,https://reqres.in/api/user,472,0,0
1708685129835,110,GET Users,200,OK,Workload Config 1-4,text,true,,1186,122,2,2,https://reqres.in/api/users/2,110,0,66
1708685129477,506,POST Users,200,OK,Workload Config 1-3,text,true,,2214,398,2,2,https://reqres.in/api/user,84,0,44
1708685129477,84,POST Users-0,301,Moved Permanently,Workload Config 1-3,,true,,606,255,2,2,http://reqres.in/api/user,84,0,44
1708685129561,422,POST Users-1,200,OK,Workload Config 1-3,text,true,,1608,143,2,2,https://reqres.in/api/user,422,0,0
1708685129946,481,POST Users,200,OK,Workload Config 1-4,text,true,,2228,398,2,2,https://reqres.in/api/user,72,0,34
1708685129946,72,POST Users-0,301,Moved Permanently,Workload Config 1-4,,true,,612,255,2,2,http://reqres.in/api/user,72,0,34
1708685130018,409,POST Users-1,200,OK,Workload Config 1-4,text,true,,1616,143,2,2,https://reqres.in/api/user,409,0,0
1708685130335,118,GET Users,200,OK,Workload Config 1-5,text,true,,1186,122,1,1,https://reqres.in/api/users/2,118,0,80
1708685130454,135,POST Users,200,OK,Workload Config 1-5,text,true,,2222,398,1,1,https://reqres.in/api/user,93,0,33
1708685130454,93,POST Users-0,301,Moved Permanently,Workload Config 1-5,,true,,606,255,1,1,http://reqres.in/api/user,93,0,33
1708685130547,42,POST Users-1,200,OK,Workload Config 1-5,text,true,,1616,143,1,1,https://reqres.in/api/user,36,0,0
1708685130837,492,GET Users,200,OK,Workload Config 1-6,text,true,,1183,122,1,1,https://reqres.in/api/users/2,492,0,78
1708685131336,115,GET Users,200,OK,Workload Config 1-7,text,true,,1183,122,2,2,https://reqres.in/api/users/2,115,0,72
1708685131329,467,POST Users,200,OK,Workload Config 1-6,text,true,,2212,398,2,2,https://reqres.in/api/user,74,0,32
1708685131329,74,POST Users-0,301,Moved Permanently,Workload Config 1-6,,true,,608,255,2,2,http://reqres.in/api/user,74,0,32
1708685131403,393,POST Users-1,200,OK,Workload Config 1-6,text,true,,1604,143,2,2,https://reqres.in/api/user,393,0,0
1708685131452,472,POST Users,200,OK,Workload Config 1-7,text,true,,2206,398,2,2,https://reqres.in/api/user,69,0,31
1708685131452,69,POST Users-0,301,Moved Permanently,Workload Config 1-7,,true,,602,255,2,2,http://reqres.in/api/user,69,0,31
1708685131521,403,POST Users-1,200,OK,Workload Config 1-7,text,true,,1604,143,2,2,https://reqres.in/api/user,403,0,0
1708685131836,123,GET Users,200,OK,Workload Config 1-8,text,true,,1179,122,1,1,https://reqres.in/api/users/2,123,0,80
1708685131960,106,POST Users,200,OK,Workload Config 1-8,text,true,,2223,398,1,1,https://reqres.in/api/user,71,0,32
1708685131960,71,POST Users-0,301,Moved Permanently,Workload Config 1-8,,true,,604,255,1,1,http://reqres.in/api/user,71,0,32
1708685132031,35,POST Users-1,200,OK,Workload Config 1-8,text,true,,1619,143,1,1,https://reqres.in/api/user,35,0,0
1708685132336,110,GET Users,200,OK,Workload Config 1-9,text,true,,1182,122,1,1,https://reqres.in/api/users/2,110,0,67
1708685132447,467,POST Users,200,OK,Workload Config 1-9,text,true,,2214,398,2,2,https://reqres.in/api/user,78,0,37
1708685132447,78,POST Users-0,301,Moved Permanently,Workload Config 1-9,,true,,606,255,2,2,http://reqres.in/api/user,78,0,37
1708685132525,389,POST Users-1,200,OK,Workload Config 1-9,text,true,,1608,143,2,2,https://reqres.in/api/user,389,0,0
1708685132836,132,GET Users,200,OK,Workload Config 1-10,text,true,,1186,122,1,1,https://reqres.in/api/users/2,132,0,87
1708685132969,138,POST Users,200,OK,Workload Config 1-10,text,true,,2224,398,1,1,https://reqres.in/api/user,102,0,34
1708685132969,102,POST Users-0,301,Moved Permanently,Workload Config 1-10,,true,,608,255,1,1,http://reqres.in/api/user,102,0,34
1708685133071,36,POST Users-1,200,OK,Workload Config 1-10,text,true,,1616,143,1,1,https://reqres.in/api/user,35,0,0
1708685133336,132,GET Users,200,OK,Workload Config 1-11,text,true,,1186,122,1,1,https://reqres.in/api/users/2,132,0,81
1708685133470,110,POST Users,200,OK,Workload Config 1-11,text,true,,2210,398,1,1,https://reqres.in/api/user,69,0,28
1708685133470,69,POST Users-0,301,Moved Permanently,Workload Config 1-11,,true,,602,255,1,1,http://reqres.in/api/user,69,0,28
1708685133539,41,POST Users-1,200,OK,Workload Config 1-11,text,true,,1608,143,1,1,https://reqres.in/api/user,41,0,0
1708685133835,117,GET Users,200,OK,Workload Config 1-12,text,true,,1178,122,1,1,https://reqres.in/api/users/2,117,0,75
1708685133953,466,POST Users,200,OK,Workload Config 1-12,text,true,,2222,398,2,2,https://reqres.in/api/user,77,0,30
1708685133953,77,POST Users-0,301,Moved Permanently,Workload Config 1-12,,true,,610,255,2,2,http://reqres.in/api/user,77,0,30
1708685134030,389,POST Users-1,200,OK,Workload Config 1-12,text,true,,1612,143,2,2,https://reqres.in/api/user,389,0,0
1708685134334,114,GET Users,200,OK,Workload Config 1-13,text,true,,1178,122,1,1,https://reqres.in/api/users/2,114,0,68
1708685134449,464,POST Users,200,OK,Workload Config 1-13,text,true,,2208,398,2,2,https://reqres.in/api/user,71,0,32
1708685134449,71,POST Users-0,301,Moved Permanently,Workload Config 1-13,,true,,600,255,2,2,http://reqres.in/api/user,71,0,32
1708685134520,393,POST Users-1,200,OK,Workload Config 1-13,text,true,,1608,143,2,2,https://reqres.in/api/user,393,0,0
1708685134838,115,GET Users,200,OK,Workload Config 1-14,text,true,,1178,122,1,1,https://reqres.in/api/users/2,115,0,74
1708685134954,106,POST Users,200,OK,Workload Config 1-14,text,true,,2220,398,1,1,https://reqres.in/api/user,71,0,30
1708685134954,71,POST Users-0,301,Moved Permanently,Workload Config 1-14,,true,,608,255,1,1,http://reqres.in/api/user,71,0,30
1708685135025,35,POST Users-1,200,OK,Workload Config 1-14,text,true,,1612,143,1,1,https://reqres.in/api/user,35,0,0
1708685135336,108,GET Users,200,OK,Workload Config 1-15,text,true,,1186,122,1,1,https://reqres.in/api/users/2,108,0,66
1708685135445,481,POST Users,200,OK,Workload Config 1-15,text,true,,2214,398,2,2,https://reqres.in/api/user,74,0,31
1708685135445,74,POST Users-0,301,Moved Permanently,Workload Config 1-15,,true,,606,255,2,2,http://reqres.in/api/user,74,0,31
1708685135519,407,POST Users-1,200,OK,Workload Config 1-15,text,true,,1608,143,2,2,https://reqres.in/api/user,407,0,0
1708685135837,130,GET Users,200,OK,Workload Config 1-16,text,true,,1186,122,1,1,https://reqres.in/api/users/2,130,0,84
1708685135967,106,POST Users,200,OK,Workload Config 1-16,text,true,,2220,398,1,1,https://reqres.in/api/user,69,0,32
1708685135967,69,POST Users-0,301,Moved Permanently,Workload Config 1-16,,true,,604,255,1,1,http://reqres.in/api/user,69,0,32
1708685136036,37,POST Users-1,200,OK,Workload Config 1-16,text,true,,1616,143,1,1,https://reqres.in/api/user,37,0,0
1708685136336,134,GET Users,200,OK,Workload Config 1-17,text,true,,1183,122,1,1,https://reqres.in/api/users/2,133,0,81
1708685136471,111,POST Users,200,OK,Workload Config 1-17,text,true,,2214,398,1,1,https://reqres.in/api/user,73,0,37
1708685136471,73,POST Users-0,301,Moved Permanently,Workload Config 1-17,,true,,610,255,1,1,http://reqres.in/api/user,73,0,37
1708685136544,38,POST Users-1,200,OK,Workload Config 1-17,text,true,,1604,143,1,1,https://reqres.in/api/user,38,0,0
1708685136835,126,GET Users,200,OK,Workload Config 1-18,text,true,,1186,122,1,1,https://reqres.in/api/users/2,126,0,75
1708685136962,115,POST Users,200,OK,Workload Config 1-18,text,true,,2222,398,1,1,https://reqres.in/api/user,76,0,34
1708685136962,76,POST Users-0,301,Moved Permanently,Workload Config 1-18,,true,,606,255,1,1,http://reqres.in/api/user,76,0,34
1708685137039,38,POST Users-1,200,OK,Workload Config 1-18,text,true,,1616,143,1,1,https://reqres.in/api/user,38,0,0
1708685137334,118,GET Users,200,OK,Workload Config 1-19,text,true,,1186,122,1,1,https://reqres.in/api/users/2,118,0,73
1708685137452,99,POST Users,200,OK,Workload Config 1-19,text,true,,2216,398,1,1,https://reqres.in/api/user,64,0,30
1708685137452,64,POST Users-0,301,Moved Permanently,Workload Config 1-19,,true,,608,255,1,1,http://reqres.in/api/user,64,0,30
1708685137516,35,POST Users-1,200,OK,Workload Config 1-19,text,true,,1608,143,1,1,https://reqres.in/api/user,35,0,0
1708685137836,130,GET Users,200,OK,Workload Config 1-20,text,true,,1190,122,1,1,https://reqres.in/api/users/2,129,0,86
1708685137967,117,POST Users,200,OK,Workload Config 1-20,text,true,,2212,398,1,1,https://reqres.in/api/user,70,0,31
1708685137967,70,POST Users-0,301,Moved Permanently,Workload Config 1-20,,true,,604,255,1,1,http://reqres.in/api/user,70,0,31
1708685138037,47,POST Users-1,200,OK,Workload Config 1-20,text,true,,1608,143,1,1,https://reqres.in/api/user,47,0,0
1708685138349,124,GET Users,200,OK,Workload Config 1-21,text,true,,1182,122,1,1,https://reqres.in/api/users/2,124,0,83
1708685138474,113,POST Users,200,OK,Workload Config 1-21,text,true,,2210,398,1,1,https://reqres.in/api/user,71,0,34
1708685138474,71,POST Users-0,301,Moved Permanently,Workload Config 1-21,,true,,602,255,1,1,http://reqres.in/api/user,71,0,34
1708685138545,42,POST Users-1,200,OK,Workload Config 1-21,text,true,,1608,143,1,1,https://reqres.in/api/user,41,0,0
1708685138833,137,GET Users,200,OK,Workload Config 1-22,text,true,,1186,122,1,1,https://reqres.in/api/users/2,137,0,80
1708685138970,106,POST Users,200,OK,Workload Config 1-22,text,true,,2216,398,1,1,https://reqres.in/api/user,69,0,27
1708685138970,69,POST Users-0,301,Moved Permanently,Workload Config 1-22,,true,,608,255,1,1,http://reqres.in/api/user,69,0,27
1708685139040,36,POST Users-1,200,OK,Workload Config 1-22,text,true,,1608,143,1,1,https://reqres.in/api/user,36,0,0
1708685139332,121,GET Users,200,OK,Workload Config 1-23,text,true,,1186,122,1,1,https://reqres.in/api/users/2,121,0,81
1708685139454,107,POST Users,200,OK,Workload Config 1-23,text,true,,2207,398,1,1,https://reqres.in/api/user,69,0,32
1708685139454,69,POST Users-0,301,Moved Permanently,Workload Config 1-23,,true,,598,255,1,1,http://reqres.in/api/user,69,0,32
1708685139523,38,POST Users-1,200,OK,Workload Config 1-23,text,true,,1609,143,1,1,https://reqres.in/api/user,38,0,0
1708685139833,107,GET Users,200,OK,Workload Config 1-24,text,true,,1190,122,1,1,https://reqres.in/api/users/2,107,0,73
1708685139941,122,POST Users,200,OK,Workload Config 1-24,text,true,,2213,398,1,1,https://reqres.in/api/user,73,0,33
1708685139941,73,POST Users-0,301,Moved Permanently,Workload Config 1-24,,true,,604,255,1,1,http://reqres.in/api/user,73,0,33
1708685140015,48,POST Users-1,200,OK,Workload Config 1-24,text,true,,1609,143,1,1,https://reqres.in/api/user,48,0,0
1708685140333,132,GET Users,200,OK,Workload Config 1-25,text,true,,1186,122,1,1,https://reqres.in/api/users/2,132,0,78
1708685140466,123,POST Users,200,OK,Workload Config 1-25,text,true,,2216,398,1,1,https://reqres.in/api/user,75,0,31
1708685140466,75,POST Users-0,301,Moved Permanently,Workload Config 1-25,,true,,608,255,1,1,http://reqres.in/api/user,75,0,31
1708685140542,47,POST Users-1,200,OK,Workload Config 1-25,text,true,,1608,143,1,1,https://reqres.in/api/user,47,0,0
1708685140834,109,GET Users,200,OK,Workload Config 1-26,text,true,,1186,122,1,1,https://reqres.in/api/users/2,109,0,69
1708685140944,117,POST Users,200,OK,Workload Config 1-26,text,true,,2210,398,1,1,https://reqres.in/api/user,82,0,33
1708685140944,82,POST Users-0,301,Moved Permanently,Workload Config 1-26,,true,,602,255,1,1,http://reqres.in/api/user,82,0,33
1708685141026,35,POST Users-1,200,OK,Workload Config 1-26,text,true,,1608,143,1,1,https://reqres.in/api/user,35,0,0
1708685141332,124,GET Users,200,OK,Workload Config 1-27,text,true,,1182,122,1,1,https://reqres.in/api/users/2,124,0,80
1708685141457,123,POST Users,200,OK,Workload Config 1-27,text,true,,2210,398,1,1,https://reqres.in/api/user,83,0,38
1708685141457,83,POST Users-0,301,Moved Permanently,Workload Config 1-27,,true,,602,255,1,1,http://reqres.in/api/user,83,0,38
1708685141540,40,POST Users-1,200,OK,Workload Config 1-27,text,true,,1608,143,1,1,https://reqres.in/api/user,40,0,0
1708685141833,120,GET Users,200,OK,Workload Config 1-28,text,true,,1178,122,1,1,https://reqres.in/api/users/2,120,0,79
1708685141954,129,POST Users,200,OK,Workload Config 1-28,text,true,,2220,398,1,1,https://reqres.in/api/user,90,0,32
1708685141954,90,POST Users-0,301,Moved Permanently,Workload Config 1-28,,true,,612,255,1,1,http://reqres.in/api/user,90,0,32
1708685142045,38,POST Users-1,200,OK,Workload Config 1-28,text,true,,1608,143,1,1,https://reqres.in/api/user,38,0,0
1708685142333,109,GET Users,200,OK,Workload Config 1-29,text,true,,1186,122,1,1,https://reqres.in/api/users/2,109,0,65
1708685142443,112,POST Users,200,OK,Workload Config 1-29,text,true,,2225,398,1,1,https://reqres.in/api/user,76,0,34
1708685142443,76,POST Users-0,301,Moved Permanently,Workload Config 1-29,,true,,608,255,1,1,http://reqres.in/api/user,76,0,34
1708685142520,35,POST Users-1,200,OK,Workload Config 1-29,text,true,,1617,143,1,1,https://reqres.in/api/user,35,0,0
1708685142832,123,GET Users,200,OK,Workload Config 1-30,text,true,,1186,122,1,1,https://reqres.in/api/users/2,123,0,72
1708685142956,115,POST Users,200,OK,Workload Config 1-30,text,true,,2224,398,1,1,https://reqres.in/api/user,78,0,39
1708685142956,78,POST Users-0,301,Moved Permanently,Workload Config 1-30,,true,,616,255,1,1,http://reqres.in/api/user,78,0,39
1708685143034,37,POST Users-1,200,OK,Workload Config 1-30,text,true,,1608,143,1,1,https://reqres.in/api/user,37,0,0
1708685143332,119,GET Users,200,OK,Workload Config 1-31,text,true,,1178,122,1,1,https://reqres.in/api/users/2,119,0,73
1708685143453,125,POST Users,200,OK,Workload Config 1-31,text,true,,2215,398,1,1,https://reqres.in/api/user,90,0,34
1708685143453,90,POST Users-0,301,Moved Permanently,Workload Config 1-31,,true,,602,255,1,1,http://reqres.in/api/user,90,0,34
1708685143543,35,POST Users-1,200,OK,Workload Config 1-31,text,true,,1613,143,1,1,https://reqres.in/api/user,34,0,0
1708685143831,125,GET Users,200,OK,Workload Config 1-32,text,true,,1190,122,1,1,https://reqres.in/api/users/2,125,0,69
1708685143956,101,POST Users,200,OK,Workload Config 1-32,text,true,,2213,398,1,1,https://reqres.in/api/user,66,0,30
1708685143956,66,POST Users-0,301,Moved Permanently,Workload Config 1-32,,true,,604,255,1,1,http://reqres.in/api/user,66,0,30
1708685144022,35,POST Users-1,200,OK,Workload Config 1-32,text,true,,1609,143,1,1,https://reqres.in/api/user,35,0,0
1708685144333,113,GET Users,200,OK,Workload Config 1-33,text,true,,1186,122,1,1,https://reqres.in/api/users/2,113,0,71
1708685144447,120,POST Users,200,OK,Workload Config 1-33,text,true,,2219,398,1,1,https://reqres.in/api/user,78,0,41
1708685144447,78,POST Users-0,301,Moved Permanently,Workload Config 1-33,,true,,602,255,1,1,http://reqres.in/api/user,78,0,41
1708685144525,42,POST Users-1,200,OK,Workload Config 1-33,text,true,,1617,143,1,1,https://reqres.in/api/user,42,0,0
1708685144832,130,GET Users,200,OK,Workload Config 1-34,text,true,,1178,122,1,1,https://reqres.in/api/users/2,130,0,79
1708685144963,117,POST Users,200,OK,Workload Config 1-34,text,true,,2211,398,1,1,https://reqres.in/api/user,76,0,34
1708685144963,76,POST Users-0,301,Moved Permanently,Workload Config 1-34,,true,,598,255,1,1,http://reqres.in/api/user,76,0,34
1708685145039,41,POST Users-1,200,OK,Workload Config 1-34,text,true,,1613,143,1,1,https://reqres.in/api/user,41,0,0
1708685145332,113,GET Users,200,OK,Workload Config 1-35,text,true,,1186,122,1,1,https://reqres.in/api/users/2,113,0,70
1708685145446,119,POST Users,200,OK,Workload Config 1-35,text,true,,2213,398,1,1,https://reqres.in/api/user,79,0,36
1708685145446,79,POST Users-0,301,Moved Permanently,Workload Config 1-35,,true,,604,255,1,1,http://reqres.in/api/user,79,0,36
1708685145525,40,POST Users-1,200,OK,Workload Config 1-35,text,true,,1609,143,1,1,https://reqres.in/api/user,40,0,0
1708685145843,137,GET Users,200,OK,Workload Config 1-36,text,true,,1184,122,1,1,https://reqres.in/api/users/2,137,0,79
1708685145981,127,POST Users,200,OK,Workload Config 1-36,text,true,,2217,398,1,1,https://reqres.in/api/user,88,0,32
1708685145981,88,POST Users-0,301,Moved Permanently,Workload Config 1-36,,true,,612,255,1,1,http://reqres.in/api/user,88,0,32
1708685146069,39,POST Users-1,200,OK,Workload Config 1-36,text,true,,1605,143,1,1,https://reqres.in/api/user,39,0,0
1708685146334,113,GET Users,200,OK,Workload Config 1-37,text,true,,1178,122,1,1,https://reqres.in/api/users/2,113,0,70
1708685146448,105,POST Users,200,OK,Workload Config 1-37,text,true,,2215,398,1,1,https://reqres.in/api/user,70,0,33
1708685146448,70,POST Users-0,301,Moved Permanently,Workload Config 1-37,,true,,602,255,1,1,http://reqres.in/api/user,70,0,33
1708685146518,35,POST Users-1,200,OK,Workload Config 1-37,text,true,,1613,143,1,1,https://reqres.in/api/user,35,0,0
1708685146836,131,GET Users,200,OK,Workload Config 1-38,text,true,,1186,122,1,1,https://reqres.in/api/users/2,131,0,83
1708685146969,108,POST Users,200,OK,Workload Config 1-38,text,true,,2211,398,1,1,https://reqres.in/api/user,71,0,32
1708685146969,71,POST Users-0,301,Moved Permanently,Workload Config 1-38,,true,,602,255,1,1,http://reqres.in/api/user,71,0,32
1708685147040,37,POST Users-1,200,OK,Workload Config 1-38,text,true,,1609,143,1,1,https://reqres.in/api/user,36,0,0
1708685147333,122,GET Users,200,OK,Workload Config 1-39,text,true,,1186,122,1,1,https://reqres.in/api/users/2,122,0,74
1708685147455,118,POST Users,200,OK,Workload Config 1-39,text,true,,2215,398,1,1,https://reqres.in/api/user,82,0,32
1708685147455,82,POST Users-0,301,Moved Permanently,Workload Config 1-39,,true,,606,255,1,1,http://reqres.in/api/user,82,0,32
1708685147537,36,POST Users-1,200,OK,Workload Config 1-39,text,true,,1609,143,1,1,https://reqres.in/api/user,36,0,0
1708685147833,116,GET Users,200,OK,Workload Config 1-40,text,true,,1178,122,1,1,https://reqres.in/api/users/2,116,0,75
1708685147950,343,POST Users,200,OK,Workload Config 1-40,text,true,,2213,398,1,1,https://reqres.in/api/user,307,0,33
1708685147950,307,POST Users-0,301,Moved Permanently,Workload Config 1-40,,true,,604,255,1,1,http://reqres.in/api/user,307,0,33
1708685148257,36,POST Users-1,200,OK,Workload Config 1-40,text,true,,1609,143,1,1,https://reqres.in/api/user,36,0,0
1708685148333,129,GET Users,200,OK,Workload Config 1-41,text,true,,1186,122,1,1,https://reqres.in/api/users/2,129,0,78
1708685148462,119,POST Users,200,OK,Workload Config 1-41,text,true,,2221,398,1,1,https://reqres.in/api/user,80,0,35
1708685148462,80,POST Users-0,301,Moved Permanently,Workload Config 1-41,,true,,612,255,1,1,http://reqres.in/api/user,80,0,35
1708685148542,39,POST Users-1,200,OK,Workload Config 1-41,text,true,,1609,143,1,1,https://reqres.in/api/user,39,0,0
1708685148833,148,GET Users,200,OK,Workload Config 1-42,text,true,,1178,122,1,1,https://reqres.in/api/users/2,148,0,92
1708685148982,131,POST Users,200,OK,Workload Config 1-42,text,true,,2219,398,1,1,https://reqres.in/api/user,78,0,43
1708685148982,78,POST Users-0,301,Moved Permanently,Workload Config 1-42,,true,,606,255,1,1,http://reqres.in/api/user,78,0,43
1708685149060,53,POST Users-1,200,OK,Workload Config 1-42,text,true,,1613,143,1,1,https://reqres.in/api/user,53,0,0
1708685149335,130,GET Users,200,OK,Workload Config 1-43,text,true,,1186,122,1,1,https://reqres.in/api/users/2,130,0,92
1708685149467,123,POST Users,200,OK,Workload Config 1-43,text,true,,2219,398,1,1,https://reqres.in/api/user,87,0,30
1708685149467,87,POST Users-0,301,Moved Permanently,Workload Config 1-43,,true,,602,255,1,1,http://reqres.in/api/user,87,0,30
1708685149554,36,POST Users-1,200,OK,Workload Config 1-43,text,true,,1617,143,1,1,https://reqres.in/api/user,35,0,0
1708685149834,124,GET Users,200,OK,Workload Config 1-44,text,true,,1186,122,1,1,https://reqres.in/api/users/2,124,0,78
1708685149959,107,POST Users,200,OK,Workload Config 1-44,text,true,,2213,398,1,1,https://reqres.in/api/user,70,0,35
1708685149959,70,POST Users-0,301,Moved Permanently,Workload Config 1-44,,true,,604,255,1,1,http://reqres.in/api/user,70,0,35
1708685150030,36,POST Users-1,200,OK,Workload Config 1-44,text,true,,1609,143,1,1,https://reqres.in/api/user,35,0,0
1708685150333,137,GET Users,200,OK,Workload Config 1-45,text,true,,1186,122,1,1,https://reqres.in/api/users/2,137,0,84
1708685150471,111,POST Users,200,OK,Workload Config 1-45,text,true,,2223,398,1,1,https://reqres.in/api/user,75,0,35
1708685150471,75,POST Users-0,301,Moved Permanently,Workload Config 1-45,,true,,606,255,1,1,http://reqres.in/api/user,75,0,35
1708685150546,36,POST Users-1,200,OK,Workload Config 1-45,text,true,,1617,143,1,1,https://reqres.in/api/user,35,0,0
1708685150834,192,GET Users,200,OK,Workload Config 1-46,text,true,,1186,122,1,1,https://reqres.in/api/users/2,192,0,137
1708685151027,104,POST Users,200,OK,Workload Config 1-46,text,true,,2223,398,1,1,https://reqres.in/api/user,62,0,27
1708685151027,62,POST Users-0,301,Moved Permanently,Workload Config 1-46,,true,,606,255,1,1,http://reqres.in/api/user,62,0,27
1708685151089,42,POST Users-1,200,OK,Workload Config 1-46,text,true,,1617,143,1,1,https://reqres.in/api/user,42,0,0
1708685151334,118,GET Users,200,OK,Workload Config 1-47,text,true,,1190,122,1,1,https://reqres.in/api/users/2,118,0,76
1708685151454,128,POST Users,200,OK,Workload Config 1-47,text,true,,2217,398,1,1,https://reqres.in/api/user,84,0,46
1708685151454,84,POST Users-0,301,Moved Permanently,Workload Config 1-47,,true,,608,255,1,1,http://reqres.in/api/user,84,0,46
1708685151539,43,POST Users-1,200,OK,Workload Config 1-47,text,true,,1609,143,1,1,https://reqres.in/api/user,42,0,0
1708685151832,120,GET Users,200,OK,Workload Config 1-48,text,true,,1186,122,1,1,https://reqres.in/api/users/2,120,0,78
1708685151952,112,POST Users,200,OK,Workload Config 1-48,text,true,,2211,398,1,1,https://reqres.in/api/user,75,0,32
1708685151952,75,POST Users-0,301,Moved Permanently,Workload Config 1-48,,true,,602,255,1,1,http://reqres.in/api/user,75,0,32
1708685152027,37,POST Users-1,200,OK,Workload Config 1-48,text,true,,1609,143,1,1,https://reqres.in/api/user,37,0,0
1708685152331,103,GET Users,200,OK,Workload Config 1-49,text,true,,1178,122,1,1,https://reqres.in/api/users/2,103,0,62
1708685152434,108,POST Users,200,OK,Workload Config 1-49,text,true,,2217,398,1,1,https://reqres.in/api/user,69,0,32
1708685152434,69,POST Users-0,301,Moved Permanently,Workload Config 1-49,,true,,608,255,1,1,http://reqres.in/api/user,69,0,32
1708685152504,38,POST Users-1,200,OK,Workload Config 1-49,text,true,,1609,143,1,1,https://reqres.in/api/user,38,0,0
1708685152833,121,GET Users,200,OK,Workload Config 1-50,text,true,,1186,122,1,1,https://reqres.in/api/users/2,121,0,81
1708685152955,120,POST Users,200,OK,Workload Config 1-50,text,true,,2213,398,1,1,https://reqres.in/api/user,79,0,35
1708685152955,79,POST Users-0,301,Moved Permanently,Workload Config 1-50,,true,,604,255,1,1,http://reqres.in/api/user,79,0,35
1708685153035,40,POST Users-1,200,OK,Workload Config 1-50,text,true,,1609,143,1,1,https://reqres.in/api/user,40,0,0
1708685153334,142,GET Users,200,OK,Workload Config 1-51,text,true,,1186,122,1,1,https://reqres.in/api/users/2,142,0,88
1708685153477,127,POST Users,200,OK,Workload Config 1-51,text,true,,2215,398,1,1,https://reqres.in/api/user,90,0,36
1708685153477,90,POST Users-0,301,Moved Permanently,Workload Config 1-51,,true,,606,255,1,1,http://reqres.in/api/user,90,0,36
1708685153567,37,POST Users-1,200,OK,Workload Config 1-51,text,true,,1609,143,1,1,https://reqres.in/api/user,37,0,0
1708685153834,160,GET Users,200,OK,Workload Config 1-52,text,true,,1186,122,1,1,https://reqres.in/api/users/2,160,0,114
1708685154334,114,GET Users,200,OK,Workload Config 1-53,text,true,,1186,122,2,2,https://reqres.in/api/users/2,114,0,68
1708685154449,110,POST Users,200,OK,Workload Config 1-53,text,true,,2215,398,2,2,https://reqres.in/api/user,73,0,34
1708685154449,73,POST Users-0,301,Moved Permanently,Workload Config 1-53,,true,,606,255,2,2,http://reqres.in/api/user,73,0,34
1708685154523,36,POST Users-1,200,OK,Workload Config 1-53,text,true,,1609,143,2,2,https://reqres.in/api/user,35,0,0
1708685154833,111,GET Users,200,OK,Workload Config 1-54,text,true,,1186,122,2,2,https://reqres.in/api/users/2,111,0,70
1708685154945,107,POST Users,200,OK,Workload Config 1-54,text,true,,2225,398,2,2,https://reqres.in/api/user,71,0,32
1708685154945,71,POST Users-0,301,Moved Permanently,Workload Config 1-54,,true,,608,255,2,2,http://reqres.in/api/user,71,0,32
1708685155016,36,POST Users-1,200,OK,Workload Config 1-54,text,true,,1617,143,2,2,https://reqres.in/api/user,36,0,0
1708685153996,1140,POST Users,200,OK,Workload Config 1-52,text,true,,2211,398,1,1,https://reqres.in/api/user,1104,0,1057
1708685153996,1104,POST Users-0,301,Moved Permanently,Workload Config 1-52,,true,,602,255,1,1,http://reqres.in/api/user,1104,0,1057
1708685155101,35,POST Users-1,200,OK,Workload Config 1-52,text,true,,1609,143,1,1,https://reqres.in/api/user,35,0,0
1708685155335,130,GET Users,200,OK,Workload Config 1-55,text,true,,1186,122,1,1,https://reqres.in/api/users/2,130,0,81
1708685155466,100,POST Users,200,OK,Workload Config 1-55,text,true,,2215,398,1,1,https://reqres.in/api/user,66,0,31
1708685155466,66,POST Users-0,301,Moved Permanently,Workload Config 1-55,,true,,606,255,1,1,http://reqres.in/api/user,66,0,31
1708685155533,33,POST Users-1,200,OK,Workload Config 1-55,text,true,,1609,143,1,1,https://reqres.in/api/user,33,0,0
1708685155834,204,GET Users,200,OK,Workload Config 1-56,text,true,,1186,122,1,1,https://reqres.in/api/users/2,204,0,66
1708685156039,119,POST Users,200,OK,Workload Config 1-56,text,true,,2217,398,1,1,https://reqres.in/api/user,74,0,33
1708685156039,74,POST Users-0,301,Moved Permanently,Workload Config 1-56,,true,,608,255,1,1,http://reqres.in/api/user,74,0,33
1708685156113,45,POST Users-1,200,OK,Workload Config 1-56,text,true,,1609,143,1,1,https://reqres.in/api/user,45,0,0
1708685156335,117,GET Users,200,OK,Workload Config 1-57,text,true,,1186,122,1,1,https://reqres.in/api/users/2,117,0,77
1708685156452,110,POST Users,200,OK,Workload Config 1-57,text,true,,2219,398,1,1,https://reqres.in/api/user,76,0,36
1708685156452,76,POST Users-0,301,Moved Permanently,Workload Config 1-57,,true,,602,255,1,1,http://reqres.in/api/user,76,0,36
1708685156528,34,POST Users-1,200,OK,Workload Config 1-57,text,true,,1617,143,1,1,https://reqres.in/api/user,34,0,0
1708685156834,117,GET Users,200,OK,Workload Config 1-58,text,true,,1178,122,1,1,https://reqres.in/api/users/2,117,0,79
1708685156951,119,POST Users,200,OK,Workload Config 1-58,text,true,,2211,398,1,1,https://reqres.in/api/user,83,0,41
1708685156951,83,POST Users-0,301,Moved Permanently,Workload Config 1-58,,true,,602,255,1,1,http://reqres.in/api/user,83,0,41
1708685157035,35,POST Users-1,200,OK,Workload Config 1-58,text,true,,1609,143,1,1,https://reqres.in/api/user,35,0,0
1708685157333,122,GET Users,200,OK,Workload Config 1-59,text,true,,1180,122,1,1,https://reqres.in/api/users/2,122,0,79
1708685157456,118,POST Users,200,OK,Workload Config 1-59,text,true,,2221,398,1,1,https://reqres.in/api/user,79,0,32
1708685157456,79,POST Users-0,301,Moved Permanently,Workload Config 1-59,,true,,602,255,1,1,http://reqres.in/api/user,79,0,32
1708685157536,38,POST Users-1,200,OK,Workload Config 1-59,text,true,,1619,143,1,1,https://reqres.in/api/user,38,0,0
1708685158336,140,GET Users,200,OK,Workload Config 1-61,text,true,,1180,122,2,2,https://reqres.in/api/users/2,140,0,80
1708685158834,124,GET Users,200,OK,Workload Config 1-62,text,true,,1180,122,3,3,https://reqres.in/api/users/2,124,0,80
1708685157835,1130,GET Users,200,OK,Workload Config 1-60,text,true,,1178,122,3,3,https://reqres.in/api/users/2,1130,0,1085
1708685158966,125,POST Users,200,OK,Workload Config 1-60,text,true,,2215,398,3,3,https://reqres.in/api/user,78,0,32
1708685158966,78,POST Users-0,301,Moved Permanently,Workload Config 1-60,,true,,602,255,3,3,http://reqres.in/api/user,78,0,32
1708685159044,47,POST Users-1,200,OK,Workload Config 1-60,text,true,,1613,143,3,3,https://reqres.in/api/user,46,0,0
1708685158959,136,POST Users,200,OK,Workload Config 1-62,text,true,,2219,398,2,2,https://reqres.in/api/user,87,0,33
1708685158959,87,POST Users-0,301,Moved Permanently,Workload Config 1-62,,true,,600,255,2,2,http://reqres.in/api/user,87,0,33
1708685159046,49,POST Users-1,200,OK,Workload Config 1-62,text,true,,1619,143,2,2,https://reqres.in/api/user,49,0,0
1708685159334,117,GET Users,200,OK,Workload Config 1-63,text,true,,1186,122,2,2,https://reqres.in/api/users/2,117,0,74
1708685159452,128,POST Users,200,OK,Workload Config 1-63,text,true,,2217,398,2,2,https://reqres.in/api/user,85,0,35
1708685159452,85,POST Users-0,301,Moved Permanently,Workload Config 1-63,,true,,600,255,2,2,http://reqres.in/api/user,85,0,35
1708685159537,43,POST Users-1,200,OK,Workload Config 1-63,text,true,,1617,143,2,2,https://reqres.in/api/user,43,0,0
1708685158477,1126,POST Users,200,OK,Workload Config 1-61,text,true,,2223,398,1,1,https://reqres.in/api/user,1087,0,1049
1708685158477,1087,POST Users-0,301,Moved Permanently,Workload Config 1-61,,true,,604,255,1,1,http://reqres.in/api/user,1087,0,1049
1708685159565,38,POST Users-1,200,OK,Workload Config 1-61,text,true,,1619,143,1,1,https://reqres.in/api/user,38,0,0
1708685159835,126,GET Users,200,OK,Workload Config 1-64,text,true,,1180,122,1,1,https://reqres.in/api/users/2,126,0,85
1708685159962,122,POST Users,200,OK,Workload Config 1-64,text,true,,2225,398,1,1,https://reqres.in/api/user,86,0,31
1708685159962,86,POST Users-0,301,Moved Permanently,Workload Config 1-64,,true,,606,255,1,1,http://reqres.in/api/user,86,0,31
1708685160048,36,POST Users-1,200,OK,Workload Config 1-64,text,true,,1619,143,1,1,https://reqres.in/api/user,36,0,0
1708685160336,126,GET Users,200,OK,Workload Config 1-65,text,true,,1186,122,1,1,https://reqres.in/api/users/2,126,0,83
1708685160463,126,POST Users,200,OK,Workload Config 1-65,text,true,,2217,398,1,1,https://reqres.in/api/user,69,0,29
1708685160463,69,POST Users-0,301,Moved Permanently,Workload Config 1-65,,true,,600,255,1,1,http://reqres.in/api/user,69,0,29
1708685160532,57,POST Users-1,200,OK,Workload Config 1-65,text,true,,1617,143,1,1,https://reqres.in/api/user,57,0,0
1708685160835,123,GET Users,200,OK,Workload Config 1-66,text,true,,1180,122,1,1,https://reqres.in/api/users/2,123,0,75
1708685160959,197,POST Users,200,OK,Workload Config 1-66,text,true,,2231,398,1,1,https://reqres.in/api/user,67,0,32
1708685160959,67,POST Users-0,301,Moved Permanently,Workload Config 1-66,,true,,612,255,1,1,http://reqres.in/api/user,67,0,32
1708685161027,129,POST Users-1,200,OK,Workload Config 1-66,text,true,,1619,143,1,1,https://reqres.in/api/user,129,0,0
1708685161333,117,GET Users,200,OK,Workload Config 1-67,text,true,,1186,122,1,1,https://reqres.in/api/users/2,117,0,76
1708685161452,114,POST Users,200,OK,Workload Config 1-67,text,true,,2223,398,1,1,https://reqres.in/api/user,69,0,31
1708685161452,69,POST Users-0,301,Moved Permanently,Workload Config 1-67,,true,,606,255,1,1,http://reqres.in/api/user,69,0,31
1708685161521,45,POST Users-1,200,OK,Workload Config 1-67,text,true,,1617,143,1,1,https://reqres.in/api/user,45,0,0
1708685161833,122,GET Users,200,OK,Workload Config 1-68,text,true,,1182,122,1,1,https://reqres.in/api/users/2,122,0,72
1708685161956,113,POST Users,200,OK,Workload Config 1-68,text,true,,2217,398,1,1,https://reqres.in/api/user,79,0,31
1708685161956,79,POST Users-0,301,Moved Permanently,Workload Config 1-68,,true,,608,255,1,1,http://reqres.in/api/user,79,0,31
1708685162035,34,POST Users-1,200,OK,Workload Config 1-68,text,true,,1609,143,1,1,https://reqres.in/api/user,34,0,0
1708685162334,122,GET Users,200,OK,Workload Config 1-69,text,true,,1186,122,1,1,https://reqres.in/api/users/2,122,0,81
1708685162457,109,POST Users,200,OK,Workload Config 1-69,text,true,,2213,398,1,1,https://reqres.in/api/user,71,0,32
1708685162457,71,POST Users-0,301,Moved Permanently,Workload Config 1-69,,true,,604,255,1,1,http://reqres.in/api/user,71,0,32
1708685162529,37,POST Users-1,200,OK,Workload Config 1-69,text,true,,1609,143,1,1,https://reqres.in/api/user,37,0,0
1708685162835,116,GET Users,200,OK,Workload Config 1-70,text,true,,1186,122,1,1,https://reqres.in/api/users/2,116,0,76
1708685163335,123,GET Users,200,OK,Workload Config 1-71,text,true,,1186,122,2,2,https://reqres.in/api/users/2,123,0,82
1708685163459,111,POST Users,200,OK,Workload Config 1-71,text,true,,2213,398,2,2,https://reqres.in/api/user,70,0,34
1708685163459,70,POST Users-0,301,Moved Permanently,Workload Config 1-71,,true,,604,255,2,2,http://reqres.in/api/user,70,0,34
1708685163530,40,POST Users-1,200,OK,Workload Config 1-71,text,true,,1609,143,2,2,https://reqres.in/api/user,40,0,0
1708685163835,125,GET Users,200,OK,Workload Config 1-72,text,true,,1186,122,2,2,https://reqres.in/api/users/2,125,0,80
1708685162952,1124,POST Users,200,OK,Workload Config 1-70,text,true,,2217,398,2,2,https://reqres.in/api/user,1083,0,1047
1708685162952,1083,POST Users-0,301,Moved Permanently,Workload Config 1-70,,true,,608,255,2,2,http://reqres.in/api/user,1083,0,1047
1708685164035,41,POST Users-1,200,OK,Workload Config 1-70,text,true,,1609,143,2,2,https://reqres.in/api/user,40,0,0
1708685163961,111,POST Users,200,OK,Workload Config 1-72,text,true,,2217,398,2,2,https://reqres.in/api/user,71,0,31
1708685163961,71,POST Users-0,301,Moved Permanently,Workload Config 1-72,,true,,608,255,2,2,http://reqres.in/api/user,71,0,31
1708685164033,39,POST Users-1,200,OK,Workload Config 1-72,text,true,,1609,143,2,2,https://reqres.in/api/user,39,0,0
1708685164334,109,GET Users,200,OK,Workload Config 1-73,text,true,,1186,122,1,1,https://reqres.in/api/users/2,109,0,72
1708685164444,107,POST Users,200,OK,Workload Config 1-73,text,true,,2229,398,1,1,https://reqres.in/api/user,71,0,29
1708685164444,71,POST Users-0,301,Moved Permanently,Workload Config 1-73,,true,,612,255,1,1,http://reqres.in/api/user,71,0,29
1708685164515,36,POST Users-1,200,OK,Workload Config 1-73,text,true,,1617,143,1,1,https://reqres.in/api/user,36,0,0
1708685164842,130,GET Users,200,OK,Workload Config 1-74,text,true,,1186,122,1,1,https://reqres.in/api/users/2,130,0,78
1708685164973,125,POST Users,200,OK,Workload Config 1-74,text,true,,2223,398,1,1,https://reqres.in/api/user,85,0,41
1708685164973,85,POST Users-0,301,Moved Permanently,Workload Config 1-74,,true,,606,255,1,1,http://reqres.in/api/user,85,0,41
1708685165058,40,POST Users-1,200,OK,Workload Config 1-74,text,true,,1617,143,1,1,https://reqres.in/api/user,39,0,0
1708685165348,123,GET Users,200,OK,Workload Config 1-75,text,true,,1190,122,1,1,https://reqres.in/api/users/2,123,0,80
1708685165472,108,POST Users,200,OK,Workload Config 1-75,text,true,,2215,398,1,1,https://reqres.in/api/user,68,0,31
1708685165472,68,POST Users-0,301,Moved Permanently,Workload Config 1-75,,true,,606,255,1,1,http://reqres.in/api/user,68,0,31
1708685165541,39,POST Users-1,200,OK,Workload Config 1-75,text,true,,1609,143,1,1,https://reqres.in/api/user,39,0,0
1708685165833,128,GET Users,200,OK,Workload Config 1-76,text,true,,1186,122,1,1,https://reqres.in/api/users/2,128,0,88
1708685165961,112,POST Users,200,OK,Workload Config 1-76,text,true,,2213,398,1,1,https://reqres.in/api/user,77,0,35
1708685165961,77,POST Users-0,301,Moved Permanently,Workload Config 1-76,,true,,604,255,1,1,http://reqres.in/api/user,77,0,35
1708685166038,35,POST Users-1,200,OK,Workload Config 1-76,text,true,,1609,143,1,1,https://reqres.in/api/user,35,0,0
1708685166333,124,GET Users,200,OK,Workload Config 1-77,text,true,,1178,122,1,1,https://reqres.in/api/users/2,124,0,77
1708685166458,110,POST Users,200,OK,Workload Config 1-77,text,true,,2213,398,1,1,https://reqres.in/api/user,71,0,33
1708685166458,71,POST Users-0,301,Moved Permanently,Workload Config 1-77,,true,,600,255,1,1,http://reqres.in/api/user,71,0,33
1708685166529,39,POST Users-1,200,OK,Workload Config 1-77,text,true,,1613,143,1,1,https://reqres.in/api/user,38,0,0
1708685166834,139,GET Users,200,OK,Workload Config 1-78,text,true,,1178,122,1,1,https://reqres.in/api/users/2,139,0,73
1708685166974,121,POST Users,200,OK,Workload Config 1-78,text,true,,2217,398,1,1,https://reqres.in/api/user,83,0,34
1708685166974,83,POST Users-0,301,Moved Permanently,Workload Config 1-78,,true,,608,255,1,1,http://reqres.in/api/user,83,0,34
1708685167058,37,POST Users-1,200,OK,Workload Config 1-78,text,true,,1609,143,1,1,https://reqres.in/api/user,37,0,0
1708685167334,117,GET Users,200,OK,Workload Config 1-79,text,true,,1184,122,1,1,https://reqres.in/api/users/2,117,0,77
1708685167452,117,POST Users,200,OK,Workload Config 1-79,text,true,,2203,398,1,1,https://reqres.in/api/user,83,0,34
1708685167452,83,POST Users-0,301,Moved Permanently,Workload Config 1-79,,true,,598,255,1,1,http://reqres.in/api/user,83,0,34
1708685167535,34,POST Users-1,200,OK,Workload Config 1-79,text,true,,1605,143,1,1,https://reqres.in/api/user,34,0,0
1708685167835,124,GET Users,200,OK,Workload Config 1-80,text,true,,1186,122,1,1,https://reqres.in/api/users/2,124,0,79
1708685167960,113,POST Users,200,OK,Workload Config 1-80,text,true,,2211,398,1,1,https://reqres.in/api/user,74,0,37
1708685167960,74,POST Users-0,301,Moved Permanently,Workload Config 1-80,,true,,602,255,1,1,http://reqres.in/api/user,74,0,37
1708685168034,39,POST Users-1,200,OK,Workload Config 1-80,text,true,,1609,143,1,1,https://reqres.in/api/user,38,0,0
1708685168335,122,GET Users,200,OK,Workload Config 1-81,text,true,,1182,122,1,1,https://reqres.in/api/users/2,122,0,78
1708685168458,122,POST Users,200,OK,Workload Config 1-81,text,true,,2213,398,1,1,https://reqres.in/api/user,86,0,32
1708685168458,86,POST Users-0,301,Moved Permanently,Workload Config 1-81,,true,,604,255,1,1,http://reqres.in/api/user,86,0,32
1708685168544,36,POST Users-1,200,OK,Workload Config 1-81,text,true,,1609,143,1,1,https://reqres.in/api/user,36,0,0
1708685168835,429,GET Users,200,OK,Workload Config 1-82,text,true,,1190,122,1,1,https://reqres.in/api/users/2,429,0,393
1708685169265,129,POST Users,200,OK,Workload Config 1-82,text,true,,2209,398,2,2,https://reqres.in/api/user,83,0,32
1708685169265,83,POST Users-0,301,Moved Permanently,Workload Config 1-82,,true,,600,255,2,2,http://reqres.in/api/user,83,0,32
1708685169348,46,POST Users-1,200,OK,Workload Config 1-82,text,true,,1609,143,2,2,https://reqres.in/api/user,46,0,0
1708685169334,118,GET Users,200,OK,Workload Config 1-83,text,true,,1184,122,1,1,https://reqres.in/api/users/2,118,0,74
1708685169452,118,POST Users,200,OK,Workload Config 1-83,text,true,,2213,398,1,1,https://reqres.in/api/user,79,0,32
1708685169452,79,POST Users-0,301,Moved Permanently,Workload Config 1-83,,true,,608,255,1,1,http://reqres.in/api/user,79,0,32
1708685169531,39,POST Users-1,200,OK,Workload Config 1-83,text,true,,1605,143,1,1,https://reqres.in/api/user,39,0,0
1708685169834,119,GET Users,200,OK,Workload Config 1-84,text,true,,1178,122,1,1,https://reqres.in/api/users/2,119,0,79
1708685169954,138,POST Users,200,OK,Workload Config 1-84,text,true,,2215,398,1,1,https://reqres.in/api/user,98,0,56
1708685169954,98,POST Users-0,301,Moved Permanently,Workload Config 1-84,,true,,602,255,1,1,http://reqres.in/api/user,98,0,56
1708685170052,40,POST Users-1,200,OK,Workload Config 1-84,text,true,,1613,143,1,1,https://reqres.in/api/user,40,0,0
1708685170334,166,GET Users,200,OK,Workload Config 1-85,text,true,,1186,122,1,1,https://reqres.in/api/users/2,166,0,128
1708685170501,99,POST Users,200,OK,Workload Config 1-85,text,true,,2215,398,1,1,https://reqres.in/api/user,64,0,32
1708685170501,64,POST Users-0,301,Moved Permanently,Workload Config 1-85,,true,,598,255,1,1,http://reqres.in/api/user,64,0,32
1708685170566,34,POST Users-1,200,OK,Workload Config 1-85,text,true,,1617,143,1,1,https://reqres.in/api/user,34,0,0
1708685170835,118,GET Users,200,OK,Workload Config 1-86,text,true,,1178,122,1,1,https://reqres.in/api/users/2,118,0,76
1708685170954,120,POST Users,200,OK,Workload Config 1-86,text,true,,2215,398,1,1,https://reqres.in/api/user,82,0,42
1708685170954,82,POST Users-0,301,Moved Permanently,Workload Config 1-86,,true,,602,255,1,1,http://reqres.in/api/user,82,0,42
1708685171036,38,POST Users-1,200,OK,Workload Config 1-86,text,true,,1613,143,1,1,https://reqres.in/api/user,38,0,0
1708685171334,126,GET Users,200,OK,Workload Config 1-87,text,true,,1186,122,1,1,https://reqres.in/api/users/2,126,0,86
1708685171461,112,POST Users,200,OK,Workload Config 1-87,text,true,,2229,398,1,1,https://reqres.in/api/user,72,0,37
1708685171461,73,POST Users-0,301,Moved Permanently,Workload Config 1-87,,true,,612,255,1,1,http://reqres.in/api/user,72,0,37
1708685171534,39,POST Users-1,200,OK,Workload Config 1-87,text,true,,1617,143,1,1,https://reqres.in/api/user,38,0,0
1708685171835,125,GET Users,200,OK,Workload Config 1-88,text,true,,1186,122,1,1,https://reqres.in/api/users/2,125,0,79
1708685171960,123,POST Users,200,OK,Workload Config 1-88,text,true,,2221,398,1,1,https://reqres.in/api/user,85,0,33
1708685171960,85,POST Users-0,301,Moved Permanently,Workload Config 1-88,,true,,604,255,1,1,http://reqres.in/api/user,85,0,33
1708685172045,38,POST Users-1,200,OK,Workload Config 1-88,text,true,,1617,143,1,1,https://reqres.in/api/user,38,0,0
1708685172344,103,GET Users,200,OK,Workload Config 1-89,text,true,,1184,122,1,1,https://reqres.in/api/users/2,103,0,61
1708685172448,113,POST Users,200,OK,Workload Config 1-89,text,true,,2215,398,1,1,https://reqres.in/api/user,77,0,36
1708685172448,77,POST Users-0,301,Moved Permanently,Workload Config 1-89,,true,,610,255,1,1,http://reqres.in/api/user,77,0,36
1708685172526,35,POST Users-1,200,OK,Workload Config 1-89,text,true,,1605,143,1,1,https://reqres.in/api/user,35,0,0
1708685172833,110,GET Users,200,OK,Workload Config 1-90,text,true,,1186,122,1,1,https://reqres.in/api/users/2,110,0,63
1708685172944,105,POST Users,200,OK,Workload Config 1-90,text,true,,2211,398,1,1,https://reqres.in/api/user,68,0,32
1708685172944,68,POST Users-0,301,Moved Permanently,Workload Config 1-90,,true,,602,255,1,1,http://reqres.in/api/user,68,0,32
1708685173012,37,POST Users-1,200,OK,Workload Config 1-90,text,true,,1609,143,1,1,https://reqres.in/api/user,37,0,0
1708685173334,143,GET Users,200,OK,Workload Config 1-91,text,true,,1180,122,1,1,https://reqres.in/api/users/2,143,0,75
1708685173478,112,POST Users,200,OK,Workload Config 1-91,text,true,,2223,398,1,1,https://reqres.in/api/user,74,0,35
1708685173478,74,POST Users-0,301,Moved Permanently,Workload Config 1-91,,true,,604,255,1,1,http://reqres.in/api/user,74,0,35
1708685173553,37,POST Users-1,200,OK,Workload Config 1-91,text,true,,1619,143,1,1,https://reqres.in/api/user,37,0,0
1708685173833,123,GET Users,200,OK,Workload Config 1-92,text,true,,1178,122,1,1,https://reqres.in/api/users/2,123,0,76
1708685173957,142,POST Users,200,OK,Workload Config 1-92,text,true,,2219,398,1,1,https://reqres.in/api/user,82,0,36
1708685173957,82,POST Users-0,301,Moved Permanently,Workload Config 1-92,,true,,606,255,1,1,http://reqres.in/api/user,82,0,36
1708685174039,60,POST Users-1,200,OK,Workload Config 1-92,text,true,,1613,143,1,1,https://reqres.in/api/user,60,0,0
1708685174333,135,GET Users,200,OK,Workload Config 1-93,text,true,,1186,122,1,1,https://reqres.in/api/users/2,135,0,88
1708685174469,110,POST Users,200,OK,Workload Config 1-93,text,true,,2223,398,1,1,https://reqres.in/api/user,69,0,35
1708685174469,69,POST Users-0,301,Moved Permanently,Workload Config 1-93,,true,,606,255,1,1,http://reqres.in/api/user,69,0,35
1708685174539,40,POST Users-1,200,OK,Workload Config 1-93,text,true,,1617,143,1,1,https://reqres.in/api/user,40,0,0
1708685174834,123,GET Users,200,OK,Workload Config 1-94,text,true,,1186,122,1,1,https://reqres.in/api/users/2,123,0,77
1708685174959,100,POST Users,200,OK,Workload Config 1-94,text,true,,2209,398,1,1,https://reqres.in/api/user,67,0,30
1708685174959,67,POST Users-0,301,Moved Permanently,Workload Config 1-94,,true,,600,255,1,1,http://reqres.in/api/user,67,0,30
1708685175026,33,POST Users-1,200,OK,Workload Config 1-94,text,true,,1609,143,1,1,https://reqres.in/api/user,33,0,0
1708685175332,131,GET Users,200,OK,Workload Config 1-95,text,true,,1186,122,1,1,https://reqres.in/api/users/2,131,0,84
1708685175464,108,POST Users,200,OK,Workload Config 1-95,text,true,,2211,398,1,1,https://reqres.in/api/user,72,0,33
1708685175464,72,POST Users-0,301,Moved Permanently,Workload Config 1-95,,true,,602,255,1,1,http://reqres.in/api/user,72,0,33
1708685175536,36,POST Users-1,200,OK,Workload Config 1-95,text,true,,1609,143,1,1,https://reqres.in/api/user,36,0,0
1708685175834,138,GET Users,200,OK,Workload Config 1-96,text,true,,1184,122,1,1,https://reqres.in/api/users/2,138,0,98
1708685175973,110,POST Users,200,OK,Workload Config 1-96,text,true,,2219,398,1,1,https://reqres.in/api/user,75,0,30
1708685175973,75,POST Users-0,301,Moved Permanently,Workload Config 1-96,,true,,614,255,1,1,http://reqres.in/api/user,75,0,30
1708685176048,35,POST Users-1,200,OK,Workload Config 1-96,text,true,,1605,143,1,1,https://reqres.in/api/user,35,0,0
1708685176334,123,GET Users,200,OK,Workload Config 1-97,text,true,,1178,122,1,1,https://reqres.in/api/users/2,123,0,77
1708685176457,114,POST Users,200,OK,Workload Config 1-97,text,true,,2217,398,1,1,https://reqres.in/api/user,72,0,33
1708685176457,72,POST Users-0,301,Moved Permanently,Workload Config 1-97,,true,,604,255,1,1,http://reqres.in/api/user,72,0,33
1708685176529,42,POST Users-1,200,OK,Workload Config 1-97,text,true,,1613,143,1,1,https://reqres.in/api/user,42,0,0
1708685176832,115,GET Users,200,OK,Workload Config 1-98,text,true,,1190,122,1,1,https://reqres.in/api/users/2,115,0,73
1708685176948,115,POST Users,200,OK,Workload Config 1-98,text,true,,2211,398,1,1,https://reqres.in/api/user,71,0,32
1708685176948,71,POST Users-0,301,Moved Permanently,Workload Config 1-98,,true,,602,255,1,1,http://reqres.in/api/user,71,0,32
1708685177019,44,POST Users-1,200,OK,Workload Config 1-98,text,true,,1609,143,1,1,https://reqres.in/api/user,43,0,0
1708685177331,116,GET Users,200,OK,Workload Config 1-99,text,true,,1186,122,1,1,https://reqres.in/api/users/2,116,0,67
1708685177448,104,POST Users,200,OK,Workload Config 1-99,text,true,,2223,398,1,1,https://reqres.in/api/user,70,0,32
1708685177448,70,POST Users-0,301,Moved Permanently,Workload Config 1-99,,true,,606,255,1,1,http://reqres.in/api/user,70,0,32
1708685177518,34,POST Users-1,200,OK,Workload Config 1-99,text,true,,1617,143,1,1,https://reqres.in/api/user,33,0,0
1708685177841,124,GET Users,200,OK,Workload Config 1-100,text,true,,1186,122,1,1,https://reqres.in/api/users/2,124,0,83
1708685177965,123,POST Users,200,OK,Workload Config 1-100,text,true,,2209,398,1,1,https://reqres.in/api/user,85,0,33
1708685177965,85,POST Users-0,301,Moved Permanently,Workload Config 1-100,,true,,600,255,1,1,http://reqres.in/api/user,85,0,33
1708685178050,38,POST Users-1,200,OK,Workload Config 1-100,text,true,,1609,143,1,1,https://reqres.in/api/user,38,0,0
1708685178334,118,GET Users,200,OK,Workload Config 1-101,text,true,,1190,122,1,1,https://reqres.in/api/users/2,117,0,79
1708685178453,123,POST Users,200,OK,Workload Config 1-101,text,true,,2215,398,1,1,https://reqres.in/api/user,83,0,38
1708685178453,83,POST Users-0,301,Moved Permanently,Workload Config 1-101,,true,,606,255,1,1,http://reqres.in/api/user,83,0,38
1708685178536,40,POST Users-1,200,OK,Workload Config 1-101,text,true,,1609,143,1,1,https://reqres.in/api/user,40,0,0
1708685178833,126,GET Users,200,OK,Workload Config 1-102,text,true,,1186,122,1,1,https://reqres.in/api/users/2,126,0,88
1708685178960,116,POST Users,200,OK,Workload Config 1-102,text,true,,2211,398,1,1,https://reqres.in/api/user,78,0,39
1708685178960,78,POST Users-0,301,Moved Permanently,Workload Config 1-102,,true,,602,255,1,1,http://reqres.in/api/user,78,0,39
1708685179039,37,POST Users-1,200,OK,Workload Config 1-102,text,true,,1609,143,1,1,https://reqres.in/api/user,37,0,0
1708685179332,114,GET Users,200,OK,Workload Config 1-103,text,true,,1186,122,1,1,https://reqres.in/api/users/2,114,0,75
1708685179447,111,POST Users,200,OK,Workload Config 1-103,text,true,,2209,398,1,1,https://reqres.in/api/user,72,0,37
1708685179447,72,POST Users-0,301,Moved Permanently,Workload Config 1-103,,true,,600,255,1,1,http://reqres.in/api/user,72,0,37
1708685179519,39,POST Users-1,200,OK,Workload Config 1-103,text,true,,1609,143,1,1,https://reqres.in/api/user,39,0,0
1708685179832,130,GET Users,200,OK,Workload Config 1-104,text,true,,1186,122,1,1,https://reqres.in/api/users/2,130,0,80
1708685179962,123,POST Users,200,OK,Workload Config 1-104,text,true,,2217,398,1,1,https://reqres.in/api/user,85,0,34
1708685179962,85,POST Users-0,301,Moved Permanently,Workload Config 1-104,,true,,600,255,1,1,http://reqres.in/api/user,85,0,34
1708685180047,38,POST Users-1,200,OK,Workload Config 1-104,text,true,,1617,143,1,1,https://reqres.in/api/user,37,0,0
1708685180333,126,GET Users,200,OK,Workload Config 1-105,text,true,,1180,122,1,1,https://reqres.in/api/users/2,126,0,78
1708685180460,108,POST Users,200,OK,Workload Config 1-105,text,true,,2225,398,1,1,https://reqres.in/api/user,71,0,31
1708685180460,71,POST Users-0,301,Moved Permanently,Workload Config 1-105,,true,,606,255,1,1,http://reqres.in/api/user,71,0,31
1708685180531,37,POST Users-1,200,OK,Workload Config 1-105,text,true,,1619,143,1,1,https://reqres.in/api/user,37,0,0
1708685180835,111,GET Users,200,OK,Workload Config 1-106,text,true,,1186,122,1,1,https://reqres.in/api/users/2,111,0,72
1708685180946,128,POST Users,200,OK,Workload Config 1-106,text,true,,2231,398,1,1,https://reqres.in/api/user,90,0,45
1708685180946,90,POST Users-0,301,Moved Permanently,Workload Config 1-106,,true,,614,255,1,1,http://reqres.in/api/user,90,0,45
1708685181036,38,POST Users-1,200,OK,Workload Config 1-106,text,true,,1617,143,1,1,https://reqres.in/api/user,38,0,0
1708685181344,130,GET Users,200,OK,Workload Config 1-107,text,true,,1186,122,1,1,https://reqres.in/api/users/2,130,0,80
1708685181475,343,POST Users,200,OK,Workload Config 1-107,text,true,,2223,398,1,1,https://reqres.in/api/user,301,0,32
1708685181475,301,POST Users-0,301,Moved Permanently,Workload Config 1-107,,true,,606,255,1,1,http://reqres.in/api/user,301,0,32
1708685181776,42,POST Users-1,200,OK,Workload Config 1-107,text,true,,1617,143,1,1,https://reqres.in/api/user,42,0,0
1708685181833,128,GET Users,200,OK,Workload Config 1-108,text,true,,1186,122,1,1,https://reqres.in/api/users/2,128,0,82
1708685181963,129,POST Users,200,OK,Workload Config 1-108,text,true,,2217,398,1,1,https://reqres.in/api/user,90,0,48
1708685181963,90,POST Users-0,301,Moved Permanently,Workload Config 1-108,,true,,608,255,1,1,http://reqres.in/api/user,90,0,48
1708685182053,39,POST Users-1,200,OK,Workload Config 1-108,text,true,,1609,143,1,1,https://reqres.in/api/user,39,0,0
1708685182333,122,GET Users,200,OK,Workload Config 1-109,text,true,,1178,122,1,1,https://reqres.in/api/users/2,122,0,82
1708685182456,102,POST Users,200,OK,Workload Config 1-109,text,true,,2219,398,1,1,https://reqres.in/api/user,66,0,30
1708685182456,66,POST Users-0,301,Moved Permanently,Workload Config 1-109,,true,,606,255,1,1,http://reqres.in/api/user,66,0,30
1708685182522,36,POST Users-1,200,OK,Workload Config 1-109,text,true,,1613,143,1,1,https://reqres.in/api/user,36,0,0
1708685182841,104,GET Users,200,OK,Workload Config 1-110,text,true,,1182,122,1,1,https://reqres.in/api/users/2,104,0,65
1708685182947,111,POST Users,200,OK,Workload Config 1-110,text,true,,2217,398,1,1,https://reqres.in/api/user,74,0,30
1708685182947,74,POST Users-0,301,Moved Permanently,Workload Config 1-110,,true,,608,255,1,1,http://reqres.in/api/user,74,0,30
1708685183021,37,POST Users-1,200,OK,Workload Config 1-110,text,true,,1609,143,1,1,https://reqres.in/api/user,37,0,0
1708685183347,111,GET Users,200,OK,Workload Config 1-111,text,true,,1178,122,1,1,https://reqres.in/api/users/2,111,0,77
1708685183459,122,POST Users,200,OK,Workload Config 1-111,text,true,,2223,398,1,1,https://reqres.in/api/user,84,0,35
1708685183459,84,POST Users-0,301,Moved Permanently,Workload Config 1-111,,true,,610,255,1,1,http://reqres.in/api/user,84,0,35
1708685183543,38,POST Users-1,200,OK,Workload Config 1-111,text,true,,1613,143,1,1,https://reqres.in/api/user,38,0,0
1708685183833,162,GET Users,200,OK,Workload Config 1-112,text,true,,1186,122,1,1,https://reqres.in/api/users/2,162,0,117
1708685183996,129,POST Users,200,OK,Workload Config 1-112,text,true,,2223,398,1,1,https://reqres.in/api/user,89,0,39
1708685183996,89,POST Users-0,301,Moved Permanently,Workload Config 1-112,,true,,606,255,1,1,http://reqres.in/api/user,89,0,39
1708685184085,40,POST Users-1,200,OK,Workload Config 1-112,text,true,,1617,143,1,1,https://reqres.in/api/user,40,0,0
1708685184334,127,GET Users,200,OK,Workload Config 1-113,text,true,,1180,122,1,1,https://reqres.in/api/users/2,127,0,81
1708685184462,113,POST Users,200,OK,Workload Config 1-113,text,true,,2223,398,1,1,https://reqres.in/api/user,75,0,33
1708685184462,75,POST Users-0,301,Moved Permanently,Workload Config 1-113,,true,,604,255,1,1,http://reqres.in/api/user,75,0,33
1708685184537,38,POST Users-1,200,OK,Workload Config 1-113,text,true,,1619,143,1,1,https://reqres.in/api/user,38,0,0
1708685184833,112,GET Users,200,OK,Workload Config 1-114,text,true,,1186,122,1,1,https://reqres.in/api/users/2,111,0,68
1708685184946,124,POST Users,200,OK,Workload Config 1-114,text,true,,2217,398,1,1,https://reqres.in/api/user,86,0,33
1708685184946,86,POST Users-0,301,Moved Permanently,Workload Config 1-114,,true,,608,255,1,1,http://reqres.in/api/user,86,0,33
1708685185032,38,POST Users-1,200,OK,Workload Config 1-114,text,true,,1609,143,1,1,https://reqres.in/api/user,38,0,0
1708685185336,146,GET Users,200,OK,Workload Config 1-115,text,true,,1178,122,1,1,https://reqres.in/api/users/2,146,0,72
1708685185483,124,POST Users,200,OK,Workload Config 1-115,text,true,,2215,398,1,1,https://reqres.in/api/user,74,0,33
1708685185483,74,POST Users-0,301,Moved Permanently,Workload Config 1-115,,true,,602,255,1,1,http://reqres.in/api/user,74,0,33
1708685185558,49,POST Users-1,200,OK,Workload Config 1-115,text,true,,1613,143,1,1,https://reqres.in/api/user,49,0,0
1708685185835,111,GET Users,200,OK,Workload Config 1-116,text,true,,1178,122,1,1,https://reqres.in/api/users/2,111,0,73
1708685185947,106,POST Users,200,OK,Workload Config 1-116,text,true,,2221,398,1,1,https://reqres.in/api/user,69,0,35
1708685185947,69,POST Users-0,301,Moved Permanently,Workload Config 1-116,,true,,608,255,1,1,http://reqres.in/api/user,69,0,35
1708685186017,36,POST Users-1,200,OK,Workload Config 1-116,text,true,,1613,143,1,1,https://reqres.in/api/user,36,0,0
1708685186332,128,GET Users,200,OK,Workload Config 1-117,text,true,,1180,122,1,1,https://reqres.in/api/users/2,128,0,87
1708685186461,113,POST Users,200,OK,Workload Config 1-117,text,true,,2223,398,1,1,https://reqres.in/api/user,71,0,32
1708685186461,71,POST Users-0,301,Moved Permanently,Workload Config 1-117,,true,,604,255,1,1,http://reqres.in/api/user,71,0,32
1708685186532,42,POST Users-1,200,OK,Workload Config 1-117,text,true,,1619,143,1,1,https://reqres.in/api/user,42,0,0
1708685186831,172,GET Users,200,OK,Workload Config 1-118,text,true,,1178,122,1,1,https://reqres.in/api/users/2,172,0,121
1708685187003,106,POST Users,200,OK,Workload Config 1-118,text,true,,2217,398,1,1,https://reqres.in/api/user,73,0,33
1708685187003,73,POST Users-0,301,Moved Permanently,Workload Config 1-118,,true,,604,255,1,1,http://reqres.in/api/user,73,0,33
1708685187077,32,POST Users-1,200,OK,Workload Config 1-118,text,true,,1613,143,1,1,https://reqres.in/api/user,32,0,0
1708685187331,113,GET Users,200,OK,Workload Config 1-119,text,true,,1180,122,1,1,https://reqres.in/api/users/2,113,0,73
1708685187444,111,POST Users,200,OK,Workload Config 1-119,text,true,,2223,398,1,1,https://reqres.in/api/user,77,0,37
1708685187444,77,POST Users-0,301,Moved Permanently,Workload Config 1-119,,true,,604,255,1,1,http://reqres.in/api/user,77,0,37
1708685187521,34,POST Users-1,200,OK,Workload Config 1-119,text,true,,1619,143,1,1,https://reqres.in/api/user,34,0,0
1708685187831,133,GET Users,200,OK,Workload Config 1-120,text,true,,1190,122,1,1,https://reqres.in/api/users/2,133,0,86
1708685187964,123,POST Users,200,OK,Workload Config 1-120,text,true,,2211,398,1,1,https://reqres.in/api/user,71,0,32
1708685187964,71,POST Users-0,301,Moved Permanently,Workload Config 1-120,,true,,602,255,1,1,http://reqres.in/api/user,71,0,32
1708685188036,51,POST Users-1,200,OK,Workload Config 1-120,text,true,,1609,143,1,1,https://reqres.in/api/user,51,0,0
